"","Date","^GSPC","KL","RGLD","AU","SSRM","SA","GOOG","AMZN","AAPL","MSFT","INTC","SPG","CCI","PLD","PSA","EQR","EC","XOM","CVX","PTR","BP","TOT","JNJ","UNH","PFE","MRK","NVS","ABT"
"1","2011-01-01",1286.119995,13.50405,41.702778,40.998062,23.059999,28.16,298.240234,169.639999,32.3228,22.514141,16.538839,71.349159,34.789341,25.571955,82.571037,37.429897,28.83779,62.157658,69.880508,109.19062,30.043728,37.176758,46.76136,36.054077,13.507136,24.923792,36.136154,16.398638
"2","2011-02-01",1327.219971,14.375278,44.690887,46.522896,27.139999,33.349998,304.718109,173.289993,33.645931,21.580452,16.546549,77.390457,34.772846,27.728992,85.048615,38.065365,28.244034,65.894203,76.373123,106.885567,30.676619,38.777184,48.067898,37.397873,14.263302,24.472954,36.40139,17.807577
"3","2011-03-01",1325.829956,13.395145,47.194736,45.675114,31.379999,31.82,291.484161,180.130005,33.198215,20.736124,15.684176,75.972977,35.102837,27.646265,84.033333,38.963287,28.115829,65.157181,79.721359,119.367188,28.189205,38.568436,46.773746,39.699005,15.214851,24.803572,36.666061,18.159283
"4","2011-04-01",1363.609985,13.939664,55.038605,48.67646,34.740002,34.07,270.292023,195.809998,33.352528,21.16898,17.992504,81.205177,35.358585,27.976755,89.530991,41.523048,29.600231,68.138931,81.16761,114.137756,29.466465,40.63065,51.881374,43.362988,15.70928,27.328316,39.917774,19.266239
"5","2011-05-01",1345.199951,14.474282,55.977276,43.883293,29.469999,29.75,262.80072,196.690002,33.133434,20.425776,17.495092,83.700745,34.162365,28.430225,90.31707,42.975719,31.07592,64.646034,77.807884,112.993103,29.530327,36.430321,53.12077,43.116341,16.068859,27.936449,43.527031,19.730797
"6","2011-06-01",1320.640015,15.0485,52.863419,40.18816,26.690001,28.209999,251.553879,204.490005,31.975109,21.373499,17.358463,83.006897,33.650875,27.764591,87.012428,41.70377,30.078104,63.384804,76.862442,116.912758,28.551601,37.631065,52.968353,45.432907,15.581492,26.826603,41.226551,19.870514
"7","2011-07-01",1292.280029,16.246441,57.964817,40.044933,27.4,27.65,299.89447,222.520004,37.196175,22.524378,17.491629,86.063515,35.80407,27.601906,92.081116,43.215641,28.875252,62.14642,77.744377,113.870422,29.292942,35.178276,51.590801,43.859612,14.560374,26.225924,41.28727,19.37961
"8","2011-08-01",1218.890015,19.790758,69.340744,42.832989,28.370001,29.27,268.732147,215.229996,36.657967,21.866735,15.768313,83.913902,35.828823,21.094585,95.236969,42.768257,30.263409,57.652328,73.872833,102.878098,25.392811,31.905735,52.395058,41.994934,14.35615,25.434454,39.438782,20.208351
"9","2011-09-01",1131.420044,16.820658,57.928638,39.598019,18.35,22.48,255.855911,216.229996,36.323627,20.59016,16.879333,79.13237,33.551872,18.786032,85.707878,36.260044,27.889132,56.943249,69.756012,96.46521,23.47868,28.542099,51.166725,40.75771,13.521937,25.127092,37.624035,19.681107
"10","2011-10-01",1253.300049,18.444313,64.83226,43.284,19.59,23.75,294.405182,213.509995,38.558365,22.029568,19.410448,92.414627,34.121109,23.300163,100.120132,41.258018,29.4466,61.223984,79.143211,105.922058,28.757643,34.618137,51.729076,42.556873,14.730347,26.828823,38.096268,20.731745
"11","2011-11-01",1246.959961,17.820595,73.771812,45.916855,14.71,22.790001,297.758362,192.289993,36.407448,21.160952,19.703112,89.4646,34.913094,21.781263,102.331215,38.804207,29.597761,63.066437,77.463158,106.853706,28.347567,34.247459,51.994205,43.248566,15.349848,27.800888,36.510895,21.399683
"12","2011-12-01",1257.599976,15.266308,61.073463,40.742004,13.82,16.110001,320.863098,173.100006,38.579315,21.63702,19.351454,93.473183,36.959034,22.384127,104.317337,40.097904,31.210146,66.849365,80.793983,101.590691,28.096552,33.830452,53.17403,44.942326,16.717196,29.317295,38.568512,22.058737
"13","2012-01-01",1312.410034,17.652287,68.944283,43.957218,17.25,20.17,288.180664,194.440002,43.483173,24.612526,21.083113,98.653419,39.994957,25.087343,108.523003,42.30851,35.801937,66.044891,78.303352,118.907944,30.180458,35.591011,53.441616,46.081917,16.531797,30.117786,36.67281,21.24276
"14","2012-02-01",1365.680054,16.454346,63.039043,40.742004,17.15,23.66,307.127441,179.690002,51.67152,26.454514,21.450193,98.377487,42.742134,26.630085,104.77948,40.418655,40.793316,68.221672,82.859413,122.773468,31.00219,37.673927,52.768623,49.605465,16.323215,30.039091,36.774006,22.610945
"15","2012-03-01",1408.469971,14.276276,59.199524,35.434505,15.04,20.09,318.548157,202.509995,57.111679,27.064928,22.619024,106.57106,44.004356,28.49719,107.983757,44.489658,42.826321,68.777473,82.033028,114.846283,29.890989,34.347977,53.954559,52.443871,17.679182,30.220093,39.051601,24.480217
"16","2012-04-01",1397.910034,12.771423,56.24044,33.21666,14.42,16.76,300.470734,231.899994,55.628525,26.863577,22.844244,113.827927,46.702026,28.524958,112.91185,43.894989,45.357059,68.468201,81.53566,121.621185,28.834837,32.764465,53.251083,50.10743,17.874317,31.22538,38.882454,24.787762
"17","2012-05-01",1310.329956,10.593352,61.532936,34.839813,11,15.17,288.553253,212.910004,55.033165,24.489317,20.785051,107.917107,45.043823,25.509741,105.195778,43.652088,43.778591,62.35413,75.223053,103.029037,24.218344,29.332058,51.067059,49.768326,17.070366,29.904423,36.66946,25.123972
"18","2012-06-01",1362.160034,10.85076,71.321449,33.287655,11.24,14.49,288.160797,228.350006,55.630413,25.83226,21.591982,114.660912,48.393242,26.506838,113.81823,44.552273,41.007511,68.325058,81.451103,107.713844,27.252089,30.612404,55.801338,52.204536,18.130278,33.222717,39.396946,26.213671
"19","2012-07-01",1379.319946,11.563585,68.847038,32.967766,12.79,14.66,314.43988,233.300003,58.179504,24.886454,20.822289,118.218765,51.049667,26.016573,118.3349,45.479286,42.06596,69.347076,84.601067,104.210678,26.821857,31.815071,57.172428,45.760086,18.950083,35.532578,41.313934,26.961821
"20","2012-08-01",1406.579956,13.49415,80.225815,30.92243,14.83,16.790001,340.331482,248.270004,63.369144,26.026489,20.117407,116.900261,52.353134,27.497252,115.641678,43.388851,42.521679,69.706406,86.592972,100.340515,28.273872,34.522301,55.693958,48.635197,18.808191,34.631599,41.588799,27.087168
"21","2012-09-01",1440.670044,11.801193,90.990013,34.089073,16.030001,19.4,374.812195,254.320007,65.506691,25.297836,18.520088,112.622856,52.881111,28.18932,110.565079,41.327171,43.315517,73.494614,90.710388,109.905449,28.800816,34.688477,57.433552,49.629398,19.769501,36.280712,43.174534,28.335316
"22","2012-10-01",1412.160034,9.761724,80.362495,33.048409,15.23,17.24,337.951935,232.889999,58.458187,24.260761,17.678267,112.919586,55.06731,27.80904,110.967468,41.475159,43.521324,73.269577,85.791985,115.521545,29.161175,35.379452,59.025467,50.360531,19.785416,37.056583,42.610718,27.070639
"23","2012-11-01",1416.180054,8.553887,73.721298,30.120934,13.5,15.12,346.928558,252.050003,57.472267,22.628651,15.994623,112.860252,55.702549,27.525188,112.576393,40.102528,42.73484,70.83448,82.251045,113.300629,28.392883,35.210979,58.116993,48.912659,19.904753,35.976479,43.731312,27.276001
"24","2012-12-01",1426.189941,5.791693,74.269005,30.568207,14.89,17.969999,351.404449,250.869995,53.974899,22.891724,17.026451,118.192154,59.530445,29.593227,116.03437,40.940556,43.85944,69.992157,84.883347,122.345978,28.6705,36.509632,58.942043,48.777779,20.13172,33.247787,44.612282,27.485813
"25","2013-01-01",1498.109985,5.9897,68.162079,27.303831,12.05,14.77,375.403351,265.5,46.197701,23.525938,17.373259,119.754692,58.177494,32.617661,124.17424,40.569592,46.527607,72.757874,90.385757,121.001503,30.653471,38.695316,62.154015,49.84753,21.897655,35.460659,47.797871,29.631287
"26","2013-02-01",1514.680054,6.059002,59.975239,23.620443,10.21,12.45,398.011322,264.269989,44.768639,23.825905,17.24114,118.76783,57.5835,31.832888,121.980034,40.313225,42.30117,72.418228,91.955635,116.559669,27.816721,35.651867,63.995434,48.25848,22.161922,35.034317,47.783772,29.675299
"27","2013-03-01",1569.189941,5.326378,64.9991,22.948078,10.55,13.8,394.528961,266.48999,46.794392,24.723122,18.227655,119.436539,57.451504,32.683064,122.87545,40.327881,40.074017,73.336632,93.992615,112.16893,29.527258,34.197861,69.101036,51.653271,23.368391,36.239574,52.116367,31.018995
"28","2013-04-01",1597.569946,3.346312,50.860912,19.044018,7.14,11.47,409.620819,253.809998,46.807072,28.603128,19.988661,134.132553,63.523331,34.538654,134.21933,42.836449,34.965538,72.425133,96.516075,108.799248,30.398771,36.380188,72.236992,54.319603,23.538435,38.906738,53.959908,32.424145
"29","2013-05-01",1630.73999,5.405581,50.25766,17.71582,7.86,12.09,432.795074,269.200012,47.541779,30.158579,20.26408,125.372208,58.77972,33.180164,123.481773,41.72237,33.598999,73.629654,97.101456,98.43499,29.917698,36.097786,71.347069,56.766838,22.048555,38.65839,52.496784,32.326588
"30","2013-06-01",1606.280029,4.375946,38.620201,14.011274,6.34,9.43,437.340515,277.690002,43.940441,30.056787,20.412844,119.771332,59.720196,31.055965,124.726334,42.836449,32.599171,74.040642,94.367851,95.83609,29.462976,35.265038,73.317978,59.350048,22.869198,38.451439,51.728645,30.7486
"31","2013-07-01",1685.72998,3.445314,47.440071,12.904089,7.67,11.17,441.006683,301.220001,50.14592,27.707241,19.663054,121.394402,57.954739,31.809774,130.57901,41.619267,35.33514,76.826904,100.388451,100.953949,29.251211,38.999226,79.84198,66.612755,23.865288,40.241474,52.387043,32.291328
"32","2013-08-01",1632.969971,4.465049,53.502266,13.100051,8.43,14.34,420.713654,280.980011,53.990002,29.064754,18.517303,110.450233,57.269997,29.222525,125.207199,38.564713,34.614334,71.426506,96.034485,94.216751,29.152386,40.660652,73.787636,65.597801,23.220324,39.506313,53.389286,29.501083
"33","2013-09-01",1681.550049,3.435414,44.863354,13.011868,6.15,10.46,435.124939,312.640015,55.372272,29.164402,19.498156,113.31469,60.248196,31.196125,131.669724,39.813282,35.652924,70.996002,97.688126,95.212593,30.055574,42.579365,74.584496,65.478943,23.64835,39.773647,56.118004,29.377167
"34","2013-10-01",1756.540039,3.60372,44.291725,14.795122,5.63,9.45,511.960205,364.029999,60.709133,31.030996,20.816751,118.146019,62.714863,33.377949,138.027771,39.191528,36.707005,73.950035,96.449944,100.449219,33.252068,45.609867,79.67778,62.650799,25.261669,38.007935,56.732513,32.351177
"35","2013-11-01",1805.810059,2.871096,41.743042,13.31561,5.97,7.26,526.37146,393.619995,64.584915,33.414627,20.280809,114.553108,61.238159,31.690254,126.231277,38.577744,31.645844,77.135109,98.443909,105.566132,33.616768,44.968727,81.441521,68.359673,26.11772,42.003448,57.881073,33.946053
"36","2013-12-01",1848.359985,2.544385,42.650303,11.483366,6.96,7.3,556.734009,398.790009,67.919533,33.032299,22.291035,117.31797,60.578182,30.871471,124.429192,38.824757,29.801189,84.073471,101.27314,97.318771,35.187763,45.676968,79.350342,69.112297,25.407475,42.188889,58.802837,34.070492
"37","2014-01-01",1782.589966,3.207707,52.02993,14.34441,7.83,8.03,586.669312,358.690002,60.604813,33.411968,21.071728,119.384331,58.540478,32.635525,131.463379,41.978249,26.553673,76.563354,90.506119,85.054184,33.942688,43.216358,76.647293,66.593361,25.216688,45.055241,57.844494,32.586063
"38","2014-02-01",1859.449951,3.999733,63.907352,17.22505,10.31,8.68,603.897217,362.100006,63.708912,33.826984,21.260637,124.357376,62.615883,34.681557,140.98175,44.320488,26.607931,79.977783,93.505989,93.647362,36.635525,49.059681,79.809517,71.190765,26.635126,48.474583,60.851204,35.557045
"39","2014-03-01",1872.339966,3.336411,58.243019,16.735146,9.93,7.08,555.445007,336.369995,67.804207,36.464771,22.373575,127.511124,60.866909,34.378437,140.55632,43.956631,31.614838,81.723915,97.264885,96.219131,35.231709,49.588821,85.715393,75.539406,26.865595,48.287449,64.293091,34.421856
"40","2014-04-01",1883.949951,3.059201,61.572788,17.73455,9.91,7.99,523.779968,304.130005,74.543709,35.939903,23.13641,134.664154,60.282455,34.488518,147.644211,45.452503,29.057133,85.681282,102.671654,102.267189,37.077526,54.524471,88.385551,69.386002,26.163012,50.198788,65.745026,34.627453
"41","2014-05-01",1923.569946,2.643388,58.530712,15.47119,6.54,7,556.828247,312.549988,79.964378,36.420288,23.682531,137.577484,63.597889,35.235493,145.011169,47.257141,30.031609,84.108368,100.438606,105.441978,36.953003,53.154461,88.53389,73.630157,24.782923,49.598728,68.104408,35.975033
"42","2014-06-01",1960.22998,3.514617,71.044983,16.862518,8.66,9.38,572.134094,324.779999,85.50061,37.358082,27.016037,138.525162,61.55061,34.878986,144.144699,48.174751,29.653233,84.805763,107.697601,113.709839,39.084957,55.919178,91.927551,75.590424,25.046019,49.590153,68.459824,36.775288
"43","2014-07-01",1930.670044,3.752225,70.522392,16.842924,9.18,9.37,568.474243,312.98999,87.957153,38.66608,29.630219,140.116364,61.779442,34.914406,145.550934,49.839638,27.753124,83.340103,106.616913,116.897873,36.284176,49.955513,87.947136,75.295372,24.21903,49.005291,65.745026,37.872242
"44","2014-08-01",2003.369995,5.405581,72.757492,16.835873,9.37,11.59,568.474243,339.040009,94.305519,40.699707,30.530752,141.649185,66.218445,35.02562,148.578796,51.242699,28.444071,83.778114,106.790138,128.427353,35.446907,51.086285,91.145515,80.52562,25.020109,51.915894,67.938042,38.183846
"45","2014-09-01",1972.290039,4.900663,60.77005,11.759632,6.1,8.04,574.202698,322.440002,93.156509,41.792278,30.645823,138.049408,67.067902,32.253685,140.657074,47.472931,25.721405,79.772972,99.270012,116.390701,32.961643,49.916771,94.29203,80.126144,25.173344,51.199039,71.18219,37.596256
"46","2014-10-01",2018.050049,3.465115,53.480259,8.104346,4.37,6.4,556.022705,305.459991,99.860077,42.324146,29.932934,150.4673,65.349533,35.937218,157.626373,54.058754,22.044567,82.029205,99.794136,115.794632,32.594135,46.945972,95.344749,88.639519,25.496843,50.406731,70.093246,39.404202
"47","2014-11-01",2067.560059,3.049301,59.784283,8.388537,5.19,7.26,538.867004,338.640015,109.966301,43.099422,32.784523,151.802277,69.507057,36.480793,160.439621,55.05352,16.689713,76.795815,90.575981,98.743759,29.489223,43.606682,95.760536,92.016808,26.518417,52.546883,73.087845,40.449619
"48","2014-12-01",2058.899902,3.31661,58.864239,8.525733,5.01,7.55,523.521423,310.350006,102.503265,42.13752,32.149021,154.010742,65.834709,37.127926,158.062469,55.830666,14.082202,78.98201,94.19529,102.379066,29.007114,40.13414,93.107582,94.311859,26.748089,49.40625,70.070564,40.913097
"49","2015-01-01",1994.98999,4.465049,68.266632,12.132021,6.17,9.22,531.594604,354.529999,108.799446,36.649212,29.269875,168.007095,73.162933,39.255199,173.040131,60.722103,13.407702,74.684784,86.092377,100.173897,29.547386,40.951515,89.163177,99.499641,26.833956,52.838913,73.654999,40.676811
"50","2015-02-01",2104.5,4.129527,67.927467,11.044254,5.26,7.77,555.343933,380.160004,119.293083,39.778904,29.455917,160.987778,72.993774,37.141994,169.921173,60.268311,13.753177,75.641624,89.577049,107.370712,31.533445,42.636971,91.273384,106.410759,29.470127,51.313702,77.436058,43.2766
"51","2015-03-01",2067.889893,5.385779,59.457741,9.152913,4.53,5.49,545.000854,372.100006,116.006676,37.147564,27.900549,166.651077,69.805428,37.88118,169.852295,60.91769,12.51934,73.163918,89.01564,102.609734,30.199718,39.480728,90.19976,110.774704,30.137251,50.384548,74.570023,42.326473
"52","2015-04-01",2085.51001,5.831295,61.006725,11.103052,5.45,6.34,537.340027,421.779999,116.677956,44.43821,29.042627,154.597778,71.326599,35.258221,163.128647,58.187904,14.082202,75.203896,94.171043,118.950142,33.327023,43.618259,88.944489,104.671478,29.392258,52.63026,79.160011,42.408684
"53","2015-05-01",2107.389893,6.435215,61.233627,9.388106,6.22,6.14,532.109985,429.230011,121.460663,42.811974,30.746811,154.521057,69.635864,34.723209,168.016144,58.550312,11.927098,73.336067,87.336739,109.326744,32.014324,40.707687,89.7873,112.949348,30.102592,53.805511,79.883171,44.627464
"54","2015-06-01",2063.110107,4.47485,58.227253,8.770724,6.28,6.11,520.51001,434.089996,117.427444,40.598217,27.338409,148.591339,68.568481,32.539299,160.055496,55.280872,10.907125,72.206886,82.614853,102.240669,31.291679,39.643425,88.021591,114.631233,29.286083,50.306252,76.46949,45.068237
"55","2015-07-01",2103.840088,3.616293,47.837029,5.997412,5.75,4.04,625.609985,536.150024,113.560951,42.943081,26.017319,160.786392,70.641762,35.942936,179.75322,59.393288,10.036316,68.74408,75.7724,92.063072,28.950291,40.269245,90.505264,114.550598,31.495869,52.496368,80.676331,46.546623
"56","2015-08-01",1972.180054,3.940332,45.654861,7.957351,6.45,6.4,637.609985,512.890015,105.715614,40.018902,25.648855,154.001816,71.918159,34.270145,176.327759,56.56694,9.316261,65.29863,69.358109,78.167992,26.264338,37.908157,84.878616,109.172195,29.050261,47.94656,85.600296,42.111839
"57","2015-09-01",1920.030029,4.108637,44.573265,8.202343,6.52,6.44,608.419983,511.890015,103.730179,40.967751,27.31179,159.064545,68.019974,34.429455,185.403915,59.639412,8.409527,65.129967,68.402306,65.217964,24.330284,36.527447,84.954597,109.464722,27.648808,43.975502,71.477287,37.110821
"58","2015-10-01",2079.360107,4.217541,45.60548,8.27094,7.04,8.17,710.809998,625.900024,112.382195,48.724419,30.68272,174.423843,74.482735,38.22443,202.745865,61.858356,8.285072,72.47953,78.808327,74.568039,28.422485,40.025486,91.943901,111.615578,29.77022,49.086754,70.318657,41.336765
"59","2015-11-01",2080.409912,3.494816,34.27084,6.271804,6.47,7.9,742.599976,664.799988,111.253654,50.307217,31.507332,161.246399,74.874924,38.242325,212.111786,63.858425,7.458343,71.53347,79.18988,67.531357,27.546726,41.037949,92.134995,106.810928,28.845957,47.604996,66.282898,41.688175
"60","2015-12-01",2043.939941,3.454225,34.766544,6.957782,5.18,8.29,758.880005,675.890015,99.414101,51.69931,31.437263,169.7491,75.345558,38.394398,218.86232,65.274475,6.231583,68.878807,78.963295,62.201675,25.29525,37.303455,94.171021,111.48291,28.643974,47.434364,66.904976,41.678894
"61","2016-01-01",1940.23999,3.476897,28.398563,8.31014,4.36,6.17,742.950012,587,91.93396,51.335884,28.307226,162.625305,75.910667,35.647755,225.632401,62.103077,5.724878,68.790436,75.899925,57.962589,26.193451,37.31514,95.747887,109.604088,27.055607,45.896812,60.629719,35.126835
"62","2016-02-01",1932.22998,5.943564,44.484528,12.7592,5.8,9.21,697.77002,552.52002,91.320068,47.412769,27.002279,165.637207,76.174858,34.735558,222.010651,60.008553,6.204915,70.822777,73.240303,62.154259,23.539307,37.643505,96.453789,113.353989,26.327971,45.480141,55.295361,36.179688
"63","2016-03-01",2059.73999,6.346111,49.204475,13.415779,5.55,10.96,744.950012,593.640015,103.495514,51.835869,29.780743,182.95253,76.174858,39.901642,245.449478,60.443569,7.653913,74.53286,84.800438,62.875,24.938179,38.241283,99.913818,122.68119,26.565773,47.925808,58.52433,39.065475
"64","2016-04-01",2065.300049,6.579462,60.340508,16.120495,9.39,14.33,693.01001,659.590027,89.014297,46.805256,27.875143,177.209091,77.311615,41.423344,219.297714,61.861298,8.836225,78.821693,90.82711,69.285774,27.747648,43.377354,103.496681,125.844246,29.317354,50.10857,61.376228,36.329113
"65","2016-05-01",2096.949951,10.147839,54.086769,13.160988,9.03,12.03,735.719971,722.789978,94.825783,49.742905,29.081102,174.099564,80.808792,43.35722,227.270233,62.89732,7.787257,79.374496,89.778244,64.980309,25.946281,41.47131,104.059975,127.746094,31.100958,51.406055,64.236191,37.236969
"66","2016-06-01",2098.860107,10.533952,69.398338,17.698244,12.99,14.68,692.099976,715.619995,91.333252,48.361279,30.455826,192.575623,90.259186,44.734653,228.954285,62.597412,8.498422,84.285545,94.167725,64.76722,29.893293,41.11232,112.810326,134.942352,31.840668,52.63958,66.659897,36.936298
"67","2016-07-01",2173.600098,11.038867,81.735481,21.471128,13.94,13.24,768.789978,758.809998,99.558975,53.568832,32.368595,201.578445,87.167419,50.132759,215.626785,62.261166,7.600576,79.978645,92.056747,64.986557,28.958866,41.706989,116.465256,137.476929,33.359898,54.036533,67.265831,42.047802
"68","2016-08-01",2170.949951,10.583452,70.88768,15.767706,11.72,10.55,767.049988,769.159973,101.364616,54.306023,33.324989,191.306,85.137131,48.863113,202.107208,59.404053,7.876151,78.351204,90.350006,62.993568,28.50428,41.403511,110.98748,130.612717,31.469902,57.841019,63.638348,39.725857
"69","2016-09-01",2168.27002,7.543061,74.861343,15.601111,12.06,11.03,777.289978,837.309998,108.589523,54.777634,35.31776,185.214706,84.634056,49.25872,201.385239,58.90955,7.787257,79.146294,93.426132,63.699219,30.139273,41.360153,110.595078,134.404831,30.883495,57.490967,63.791851,39.981117
"70","2016-10-01",2126.149902,9.207307,66.733498,13.464778,10.96,10.95,784.539978,789.820007,109.060188,56.983955,32.623306,166.380997,82.536438,48.383663,194.485184,56.981796,7.725029,75.555344,95.087326,64.894142,30.473579,41.99147,108.591583,136.308228,28.913956,54.488464,57.377117,37.097637
"71","2016-11-01",2198.810059,7.385645,67.528633,10.720863,9.86,9.3,758.039978,750.570007,106.159332,57.307293,32.464264,160.735352,75.706032,47.214886,190.462982,55.376152,7.609466,79.164444,101.269127,67.586487,30.010685,41.921093,104.200737,152.69455,29.30604,56.780468,55.551262,36.220306
"72","2016-12-01",2238.830078,5.217474,61.429337,10.299478,8.92,8.15,771.820007,768.659973,111.821404,59.494389,34.190029,160.413269,78.708496,48.597008,203.384995,59.390259,8.045054,82.573349,107.912361,70.614174,32.617523,44.832531,108.606682,154.968018,29.193123,54.627651,58.847496,36.543793
"73","2017-01-01",2278.870117,7.019334,69.981926,12.45541,10.57,9.85,796.789978,823.47998,117.160492,61.897533,34.708488,165.920776,80.539894,45.684002,197.452148,56.526176,8.356188,76.745811,102.090408,76.161743,31.395895,45.059967,106.759018,156.962753,29.220749,57.964214,59.720024,39.740536
"74","2017-02-01",2363.639893,7.029234,64.286209,10.799262,11.1,10.2,823.210022,845.039978,132.260529,61.256058,34.124043,166.489578,85.766769,47.741417,208.895187,58.665558,8.018386,74.394684,103.144783,72.779541,29.598354,44.534149,115.205475,160.138794,31.421745,61.592236,63.153606,43.166756
"75","2017-03-01",2362.719971,7.291593,68.179398,10.55427,10.61,11,829.559998,886.539978,139.301605,63.438282,34.244232,156.829102,86.610405,48.517628,201.04303,57.874924,8.285072,75.71199,99.383659,70.183014,30.649273,44.935188,118.188286,158.81221,31.825596,59.413555,60.002796,42.525196
"76","2017-04-01",2384.199951,6.890629,68.792564,11.300203,10.31,10.3,905.960022,924.98999,139.291885,65.942688,34.320187,150.657318,87.677048,51.340946,194.054428,60.551456,8.12506,75.379631,98.763489,67.308632,30.471703,46.213131,117.163437,169.968903,31.555799,58.702717,64.498337,41.78788
"77","2017-05-01",2411.800049,7.652955,78.536278,11.260657,9.5,10.25,964.859985,994.619995,148.125519,67.271942,34.282207,140.620163,94.211128,52.407211,199.587448,61.029633,8.250706,74.31794,95.783012,63.524017,32.096504,47.233665,121.69928,170.260468,30.374319,61.320934,68.467201,43.989571
"78","2017-06-01",2423.409912,9.365712,76.338974,9.609621,9.71,10.8,908.72998,968,140.227097,66.775978,32.270031,149.123718,92.848701,55.33234,193.266632,61.72348,8.214558,75.234093,97.552124,58.714203,31.295889,45.379517,126.36541,180.212891,31.551275,60.360291,69.890633,46.83165
"79","2017-07-01",2470.300049,10.278013,84.630119,9.906215,9.3,11.65,930.5,987.780029,144.813034,70.428162,33.92466,146.118393,94.094681,57.825306,192.376968,64.290565,8.440481,74.591057,102.09639,62.434155,31.738457,46.367821,126.776138,187.193344,31.147369,60.604885,71.339188,47.380802
"80","2017-08-01",2471.649902,12.944152,91.379456,10.024852,10.46,12.25,939.330017,980.599976,159.680908,72.433472,33.542084,144.59729,101.447868,60.250141,192.161728,63.430969,8.323001,71.133621,100.628387,62.153919,31.368139,47.621502,126.441811,194.112686,31.86124,60.585911,70.577232,49.348003
"81","2017-09-01",2519.360107,12.805394,84.286964,9.184505,10.61,12.2,959.109985,961.349976,150.650375,72.546715,36.693851,150.117538,93.533363,60.345234,200.256622,62.278538,8.576034,77.139511,110.97039,61.950996,35.289448,48.975842,124.977486,191.136108,33.860764,60.747204,71.883446,51.692375
"82","2017-10-01",2575.26001,11.674789,82.396286,9.19439,9.6,13.6,1016.640015,1105.280029,165.234512,81.01001,43.834114,144.821808,101.09063,61.82692,195.784058,64.02005,10.021941,78.428612,109.44986,64.32962,37.346397,51.682632,134.013611,205.938812,33.253735,52.643589,69.145424,52.535183
"83","2017-11-01",2584.840088,14.184321,81.259842,10.331331,8.32,10.75,1021.409973,1176.75,167.981247,81.974182,43.207779,150.807495,106.679504,63.406582,201.3293,63.601254,10.482824,78.372154,112.377586,66.333168,36.795429,52.452496,133.936722,223.523239,34.391907,52.81559,71.841583,54.87542
"84","2017-12-01",2673.610107,15.235746,80.670425,10.074285,8.79,11.3,1046.400024,1169.469971,166.014908,83.726814,44.743317,161.988708,104.800804,61.759903,197.437241,60.698177,13.221009,79.429863,119.339859,68.690285,39.16283,51.274517,135.13414,216.699478,34.667889,53.771179,70.300919,55.556862
"85","2018-01-01",2823.810059,14.987704,87.428978,11.151906,8.65,11.9,1169.939941,1450.890015,164.249084,92.996078,46.662552,154.093933,107.475639,62.75325,186.693665,59.105637,17.052662,82.905632,119.492371,77.608032,39.870991,54.569958,133.654358,232.741089,35.452747,57.100452,75.408531,60.511906
"86","2018-02-01",2713.830078,15.613433,79.58242,9.233936,8.3,10.65,1104.72998,1512.449951,174.735992,91.782364,47.77726,144.793793,104.892868,58.483608,185.434799,53.944324,15.823643,71.927521,106.689964,67.963501,36.20908,53.28231,125.617088,222.302246,34.754032,52.252941,69.790161,59.011295
"87","2018-03-01",2640.870117,15.355195,84.607437,9.382233,9.6,10.8,1031.790039,1447.339966,165.263504,89.755013,50.824116,147.419434,104.463997,60.709991,191.109222,59.115227,17.468361,71.578934,109.793076,68.493851,38.344372,54.222202,124.737534,210.349655,34.283871,52.493874,67.696869,58.610256
"88","2018-04-01",2648.050049,17.354069,87.494347,8.93575,10.22,10.45,1017.330017,1566.130005,162.781296,91.967659,50.375202,149.320068,97.043465,63.037983,194.38443,59.741497,19.953512,74.59137,120.450821,72.294708,42.175026,59.628719,123.121742,233.136932,35.365807,57.230366,66.564606,56.859379
"89","2018-05-01",2705.27002,18.269012,88.597771,8.577525,10.23,11.1,1084.98999,1629.619995,184.067184,97.199356,53.868877,153.025864,100.199036,62.494125,204.075745,61.948769,19.998329,77.93959,119.670998,81.713341,43.338409,57.762047,116.434685,238.176376,34.708916,57.871983,64.681114,60.474762
"90","2018-06-01",2718.370117,21.003895,91.740089,8.169545,9.87,11.15,1115.650024,1699.800049,183.036682,97.393494,48.791245,164.623962,103.729813,63.795475,218.545212,61.658337,19.123577,80.173546,122.783081,74.907166,43.748184,57.676334,118.984848,241.953522,35.389137,59.009399,65.566444,59.944023
"91","2018-07-01",2816.290039,21.841543,83.60759,8.846194,10.41,11.65,1217.26001,1777.439941,188.158646,104.771339,47.210999,170.447083,107.74498,64.197891,211.801529,63.891693,19.88666,78.991249,122.627701,74.852783,43.202053,62.872978,129.947845,250.608109,38.949512,64.530289,72.82267,64.415993
"92","2018-08-01",2901.52002,18.584734,75.553734,7.871023,8.7,11.3,1218.189941,2012.709961,225.080429,110.944244,47.534901,177.044022,110.855896,65.724083,206.696838,66.15715,21.031282,77.69265,115.042984,73.076683,41.084587,60.454418,132.075714,265.690887,40.500473,67.194969,72.050179,65.988991
"93","2018-09-01",2913.97998,18.913404,76.346321,8.537722,8.71,12.95,1193.469971,2003,223.994431,113.393768,46.69825,172.921783,108.231056,66.320862,196.049866,64.702187,25.060728,83.242615,119.891319,80.358696,44.786926,62.044304,136.391098,263.295898,43.353893,69.497177,74.784279,72.42598
"94","2018-10-01",2711.73999,19.512041,75.920296,9.363632,9.79,12.63,1076.77002,1598.01001,217.167618,105.898293,46.293381,179.545151,106.711609,63.523937,201.688934,63.941113,21.64547,78.014252,109.468971,72.639999,42.134686,57.123959,138.187668,259.526978,42.360302,72.604897,75.912643,68.062263
"95","2018-11-01",2760.169922,20.72905,72.710426,9.871119,10.64,11.72,1094.430054,1690.170044,177.199097,109.943474,48.692974,181.668152,112.756706,66.351814,209.335571,70.132454,17.876589,77.838013,116.616562,69.5,39.200703,54.209274,145.008713,279.397369,45.478794,78.256653,79.445282,73.407791
"96","2018-12-01",2506.850098,26.02603,85.135307,12.48816,12.09,13.23,1035.609985,1501.969971,157.066376,101.138069,46.634403,166.124451,106.603661,57.858315,198.685242,64.974648,14.777733,67.441261,107.707291,61.549999,37.373074,50.865673,128.199753,248.17276,43.272079,75.366661,74.480492,71.702705
"97","2019-01-01",2704.100098,32.140511,86.844978,14.219585,13.72,13.91,1116.369995,1718.72998,165.729218,103.985909,46.823204,180.097534,116.006538,68.65358,210.577759,72.008934,17.541578,72.475372,113.508972,64.269997,40.52692,54.057301,132.203201,269.172638,42.08247,73.928329,75.964714,72.347076
"98","2019-02-01",2784.48999,36.616409,88.154732,14.100177,13.9,14.33,1119.920044,1639.829956,172.410553,111.553589,52.626419,179.148193,117.681335,69.546982,209.557175,73.130356,18.835094,78.162231,118.389908,65.860001,42.034859,56.210506,135.739731,241.299011,43.349998,80.742088,79.184891,77.303635
"99","2019-03-01",2834.399902,30.382126,90.66745,13.03545,12.66,12.39,1173.310059,1780.75,189.949997,117.940002,53.700001,182.210007,126.848091,71.423141,215.789688,74.747978,19.951801,80.800003,123.18,65.43,43.720001,54.965992,139.789993,246.319839,42.470001,82.609413,83.446617,79.614174
